Link,Title,Location,Summary
https://kr.indeed.com/viewjob?jk=13059ac76a29fa54,Data Engineer (Python Backend 경력자),서울 서초구,데이터·AI(인공지능)> Python|인터넷·IT·통신·모바일·게임>응용프로그래머>인공지능(AI)|인터넷·IT·통신·모바일·게임>응용프로그래머>클라우드|인터넷·IT·통신·모바일·게임>응용프로그래머> Python|인터넷·IT·통신...
https://kr.indeed.com/viewjob?jk=9e86bf4a86abff0d,중소형 사업부_고객전략 분야 경력사원,서울 여의도역,"유하신 분 (영어 필수) 우대자격 - 산업공학/통계/전산학/데이터사이언스 관련 전공자 - 프로그래밍언어(R, Python 등) or BI tool(excel BI, Qlik, Power BI, Tableau 등) 활용한 업무..."
https://kr.indeed.com/viewjob?jk=e3e1c9a3233eef1f,데이터 분석가 경력,서울 영등포구,"BI(Business Intelligence) Tool 활용 가능 (Tableau, Qlik 등) - R, Python 활용 가능 모집기한: ~ 본 포지션 채용 시점까지 제출방법: LG그룹 채용사이트(LG Careers)를..."
https://kr.indeed.com/viewjob?jk=e11919aa1a40d234,Software Intern,서울,"good communication skills Good Programming Skills in C#, C, Python Understanding of attached peripherals (I2C, SPI) Basic..."
https://kr.indeed.com/viewjob?jk=b766b1060113c310,[어니컴(주)] 데이터 분석가 신입/경력,서울 용산구,이상- 프로그래밍 언어: R 혹은 Python 활용 가능- 통계 또는 기계... 데이터분석|인터넷·IT·통신·모바일·게임>빅데이터·AI(인공지능)> Python|인터넷·IT·통신·모바일·게임>빅데이터·AI(인공지능)>R|인터넷...
https://kr.indeed.com/viewjob?jk=68f195b3cd9c4054,[신용리스크모델링] 개인사업자 신용평가모형 개발 및 운영,성남 분당구,분 인터넷·IT·통신·모바일·게임>데이터베이스·DBA>SQL|마케팅·광고·홍보·조사>조사·분석·통계>통계·SAS|인터넷·IT·통신·모바일·게임>응용프로그래머> Python|금융·보험·증권>투자·분석·증권·외환>재정·신용분석
https://kr.indeed.com/viewjob?jk=53fbfe54f327d9dc,AI Software Engineer,경기도 성남,"TensorFlow 5+ years of programming experience in Python, C/C++ and MATLAB Experience working with other developers using Git..."
https://kr.indeed.com/viewjob?jk=defc4908df7ce048,의료 영상 인공지능(AI) 연구 경력/석사 (서울),서울 구로구,"learning) 관련 연구개발- 지원 자격인공지능, 머신러닝 등 관련 개발경력 2년 이상 / 신입 지원 가능 Python으로 개발 가능하신 분PyTorch, TensorFlow 등 딥러닝 프레임워크를 활용한 모델링이 가능하신..."
https://kr.indeed.com/viewjob?jk=5b3acfff99420983,[펜타시큐리티] 보안S/W 개발자 (웹/인증/DB/클라우드),서울 영등포구,인터넷·IT·통신·모바일·게임>웹프로그래머>JAVA|인터넷·IT·통신·모바일·게임>웹프로그래머> Python|인터넷·IT·통신·모바일·게임>응용프로그래머>C·C++|인터넷·IT·통신·모바일·게임>응용프로그래머>JAVA|인터넷...
https://kr.indeed.com/viewjob?jk=cadddc1d517bc19b,Renewable Energy Analyst,서울,"other solar energy modeling tools; Experience utilizing Python, R or Matlab (or similar) for statistical analysis and data..."
https://kr.indeed.com/viewjob?jk=7d205770c41f1c8b,현대백화점 데이터기획팀 데이터 분석/기획 경력,서울 삼성역,"Tableau등 OLAP툴 활용 대시보드 구성 및 분석 결과 리포팅 수행 경험 - 중급 이상의 R, Python, SQL 역량 및 데이터 핸들링(추출/전처리(EDA)/요약 등) 역량 보유 - 클라우드(또는 온프..."
https://kr.indeed.com/viewjob?jk=0699e6dbb5a0ec38,Software Engineer,서울,"skills with co-worker Good Programming Skills in C#, C, Python Embedded FW development Generate GUI (Graphic User..."
https://kr.indeed.com/viewjob?jk=e6d0e4e33687d287,Vocational Training Program Intern (Developer/Researcher Rol...,서울,"one or more programming languages (e.g. C, C++, Python, JavaScript, Typescript, etc.) Intermediate communication skills..."
https://kr.indeed.com/viewjob?jk=c411ebdce50d7815,Technical Writer (Contract),서울,"Objective-C, Java, Swift, JavaScript, and Python. Contact ▷ talent.kr@sendbird.com Finally... thing..."
https://kr.indeed.com/viewjob?jk=64e3d977c702eb32,경력사원,대한민국,"리눅스환경/프로그래밍(C＋＋, Python) 활용능력 보유 - 비전, 라이... 프로그램 구조 설계 및 개발 경력 - 리눅스환경/프로그래밍(C＋＋, Python) 활용능력 보유 - SW 개발방법론/Engineering 전공 및..."
https://kr.indeed.com/viewjob?jk=cb973769974700e0,"Software Engineer, Android Connectivity",서울,"one or more... following languages: C, C++, Java, or Python. Preferred qualifications: 5 years of experience in Android..."
https://kr.indeed.com/viewjob?jk=a692f83229bd339f,Datacenter Engineer,서울,"Base Operating System Install • Some experience with Perl, Python, Bash or Java • Core OS Services: ssh, telnet, ftp, nfs..."
https://kr.indeed.com/viewjob?jk=f317eb960a3ce005,Product Engineer - MPC/MDP/MDM,경기도 성남,"experience... following: EDA with emphasis on semi OPC; C/C++, Python, TCL, MATLAB or any high-level programming language..."
https://kr.indeed.com/viewjob?jk=48c56fc0745c828e,D-lab 팀원 모집,서울 여의도,"Spark 등) - Data Pipeline 구성, 모니터링 및 성능 최적화 (Tableau 또는 Python Torch, Tensorflow 등 ML Library와 BI 분석을 위한 데이터 공급) 2) Back..."
https://kr.indeed.com/viewjob?jk=14d562d10c215572,"PHP, Python 신입/경력 정규직",서울 금천구,"주식회사 비즈부스터 PHP, Python 개발자 채용 모집부문 및 자격요건 담당업무 자격요건 인원 [담당업무]*당사의 서비스(비즈탑) 솔루션 및 서비... 프로그래머>PHP |인터넷·IT·통신·모바일·게임>웹프로그래머> Python"
https://kr.indeed.com/viewjob?jk=053378a070533ffc,DBA,서울 강남구,"경험이 있으신 분 MySQL 모니터링 및 트러블 슈팅 경험이 있으신 분 스크립트 언어 사용이 가능하신 분 ( Python, Shell 등) [우대요건] Kubernetes 환경 경험이 있으신 분 부하테스트를 즐겨하시는 분 긍정..."
https://kr.indeed.com/viewjob?jk=61b23b6cfda8ab6c,데이터 분석가 (신입/경력),서울 금천구,빅데이터·AI(인공지능)>빅데이터|인터넷·IT·통신·모바일·게임>빅데이터·AI(인공지능)>데이터분석|인터넷·IT·통신·모바일·게임>빅데이터·AI(인공지능)> Python|인터넷·IT·통신·모바일·게임>데이터베이스·DBA>SQL
https://kr.indeed.com/viewjob?jk=2de64799beca7298,"응용소프트웨어 개발자 (BIM, C#, C++, Python, api)",서울 마포구,"직무내용] - C#, C++ , Python 활용 자동화 프로그램 개발- 디지털트윈 응용 프로그램 개발 - BIM, REVIT 관련 응용 프로그램 개발- API [근무시간 및 형태] 주 5일 근무 (오전) 9시 00분~(오후..."
https://kr.indeed.com/viewjob?jk=00604acdc9f8bc42,"[대기업] 딥러닝 (AI, 영상인식) 전문가 (석박사급)",서울,공지능)>딥러닝|인터넷·IT·통신·모바일·게임>빅데이터·AI(인공지능)> Python|인터넷·IT·통신·모바일·게임>빅데이터·AI(인공지능)>데이터분석... 통신·모바일·게임>응용프로그래머> Python|인터넷·IT·통신·모바일·게임...
https://kr.indeed.com/viewjob?jk=040dc6b5af82d9b6,Cloud Engineer,서울,"developing in one or more programming languages, e.g. Python, Java, JavaScript/Vue.js, etc. * Experienced in Cloud platform..."
https://kr.indeed.com/viewjob?jk=0399dadecd8188b8,4. 인프라개발팀 백엔드 개발자,성남 분당구,인터넷·IT·통신·모바일·게임>웹프로그래머> Python|인터넷·IT·통신·모바일·게임>ERP·시스템분석·설계>AWS|인터넷·IT·통신·모바일·게임>응용프로그래머> Python|인터넷·IT·통신·모바일·게임>응용프로그래머...
https://kr.indeed.com/viewjob?jk=2a494e5becfb158a,[Creative] IT/System Engineer (5년 이상),서울 강남구,제작하고 있습니다. 우리 팀과 함께할 미션을 소개합니다. C++ / python 을 이용한 파이프라인 툴 개발 및 개선 TA 및 게임개발 엔지니어와... 통신·모바일·게임>응용프로그래머> Python|인터넷·IT·통신·모바일·게임...
https://kr.indeed.com/viewjob?jk=ebd9b7e972f551fc,서버 개발자 Python(Django) Developer (신입/경력),서울 마포구,유관직무 경력자 서버 개발자 Python(Django) Developer... 있습니다.■ 자격 요건 인터넷·IT·통신·모바일·게임>웹프로그래머> Python|인터넷·IT·통신·모바일·게임>웹프로그래머>웹개발|인터넷·IT·통신...
https://kr.indeed.com/viewjob?jk=cd834579183789c9,SK증권 2022 상반기 경력사원 공채,서울 영등포구,바이저>고객상담|고객상담·TM>고객상담·관리·수퍼바이저>고객지원|인터넷·IT·통신·모바일·게임>응용프로그래머> Python|인터넷·IT·통신·모바일·게임>응용프로그래머>C·C++|인터넷·IT·통신·모바일·게임>전산·IT기술지원...
https://kr.indeed.com/viewjob?jk=910894269cf12c51,"Systems Reliability Engineering, Associate",서울,"Have grit, drive... deep sense of ownership - Linux/ Python skills - Excellent communication skill(verbal and written..."
https://kr.indeed.com/viewjob?jk=30e17a7d8ce9d4d4,Software Engineer,서울,"writing optimal code... least one stack (Java, Go, Ruby, Python) Ability to work collaboratively and cross-functionally..."
https://kr.indeed.com/viewjob?jk=e91b5984e7f5d3fd,"데이터베이스개발자, 웹개발 신입/경력 정규직",서울 영등포구,"개발자 ㆍCss/html 등 웹디자인 관련 유경험자 ㆍ자바스크립트, Python, C++, 닷넷 등 ㆍNode, Selenium, electron... 관련 유경험자ㆍ자바스크립트, Python, C++, 닷넷 등 ㆍNode..."
https://kr.indeed.com/viewjob?jk=a5d866cb3092e1f6,빅데이터 플랫폼 데이터 엔지니어,서울 마곡역,"험자 - S/W 관련 자격증 보유자 - AWS (Redshift, S3 등) 기반 시스템 구축 경험자 - Python, SAS 스킬 보유자 - DB영역 기술 전문성 보유자 - IT 전반에 대한 이해도와 경험 보유자 필수 지원..."
https://kr.indeed.com/viewjob?jk=71e7bdfc94328eec,"Customer Engineer, Corporate, Google Cloud",서울 강남구,"scripting/programming languages: Java, Go, Kotlin, C#, Python, Perl... Shell Scripting.Ability to rapidly prototype..."
https://kr.indeed.com/viewjob?jk=d39d5624bfcc6b01,인사분야 신입사원 모집,서울 역삼동,"기획 • 전공무관 (상경계열 전공 우대) Trading • 전공무관 (상경/화공계열 전공 우대) • Python, VBA 등 코딩 능숙자 우대 재무(회계) • 전공무관 (재무관리/파생상품 관련 전공 우대) 구매..."
https://kr.indeed.com/viewjob?jk=5c9f84f18b1b4944,2022 데이터 사이언티스트 부문,서울 강남구,인터넷·IT·통신·모바일·게임>ERP·시스템분석·설계>딥러닝|인터넷·IT·통신·모바일·게임>빅데이터·AI(인공지능)>머신러닝|인터넷·IT·통신·모바일·게임>빅데이터·AI(인공지능)> Python
https://kr.indeed.com/viewjob?jk=3c1c5dc51d08cf18,Web / Spring Framework 개발자,서울 금천구,게임>웹프로그래머>JAVA|인터넷·IT·통신·모바일·게임>웹프로그래머> Python|인터넷·IT·통신·모바일·게임>웹프로그래머>ASP|인터넷·IT·통신... 통신·모바일·게임>응용프로그래머> Python|인터넷·IT·통신·모바일·게임...
https://kr.indeed.com/viewjob?jk=6cfffc13b8a012c3,Product Test Engineer,서울,"Knowledge of Compute Language in either C++/C or VB, Python is preferred.. Good command of oral and written English. Good..."
https://kr.indeed.com/viewjob?jk=c35e9b72a11aa338,[신입/경력] 의료영상/음성인식/생체신호 연구원,서울 서초구,게임>빅데이터·AI(인공지능)>인공지능(AI)|인터넷·IT·통신·모바일·게임>빅데이터·AI(인공지능)>딥러닝|인터넷·IT·통신·모바일·게임>응용프로그래머>C·C++|인터넷·IT·통신·모바일·게임>응용프로그래머> Python
https://kr.indeed.com/viewjob?jk=32998063886b0d27,[컨트롤웍스] 제어엔지니어 신입,서울 강남구,전공- Matlab / Simulink 프로그래밍에 자신 있는 분[우대사항]- 컨트롤러 설계 경험- C 또는 Python 프로그래밍 역량- 석사학위자의 경우 병역특례 가능- 운전가능자 1 명 근무조건 고용형태: 정규직(수습기...
https://kr.indeed.com/viewjob?jk=0a80ef7ebb86a66d,[연구개발 부문] 연구원 (MCU 계측제어설계/머신비전/이미지프로세싱),경기도 광명,"프로그래밍 가능자 우대S/W 설계 부문 : - OPEN CV, TENSORFLOW, YOLO, CUDA/ Python, C++, C WindowsGUL APL, MFC Lib 활용 가능자. 머신비전/ 영상처리 개발자* 전기..."
https://kr.indeed.com/viewjob?jk=1085391e0980f95b,웹프로그래머 (FrontEnd) 기업부설연구소 연구원 #python #js #FullStack #모바일,서울 용산구,"데이터 수집, 분석 및 가공 에 관련된 프로그램 개발 ( Python) REST API개발( Python)# 우대사항 javascript 개발경험 필수 python 개발 유경험자 우대 Android, iOS 개발 유경험자 우대..."
https://kr.indeed.com/viewjob?jk=820e8b3df39bd8c7,"Regional Application Engineer, Software",서울,"Language and Tools Knowledge C++, Linux, Android, MQTT Python Yocto At least 5years working in experience in Software..."
https://kr.indeed.com/viewjob?jk=1fd963b87d62d30a,한화시스템/방산 2021년 한화시스템 방산부문 신사업분야 경력사원,성남 분당구,시스템개발자|인터넷·IT·통신·모바일·게임>빅데이터·AI(인공지능)> Python|전자·기계·기술·화학·연구개발>연구원·연구개발>전기·전자|전자·기계... 그래머>C·C++|인터넷·IT·통신·모바일·게임>응용프로그래머> Python
https://kr.indeed.com/viewjob?jk=cae2de07045cfb2b,"Java, Python 영상툴 개발자",서울 마곡동,원하면 가능) 담당업무 - 영상 라벨링 Tool 개발 - Tool 정확성 개선 자격요건 - Java - Python 우대사항 - 관련 개발 경력 - 툴개발 경력 근무조건 - 월~금 AM9:30 ~ PM18:30 복지...
https://kr.indeed.com/viewjob?jk=ac9068957c550cb3,데이터 전문가(모델러/분석가/엔지니어) 모집,성남 판교역,대용량 데이터를 효율적으로 사용하기 위한 기반 데이터 가공 지원자격 데이터 사이언스를 위한 언어(R/ Python/Scala) 및 도구(scikit-learn/Spark MLlib/Tensorflow/Pytorch 등)를...
https://kr.indeed.com/viewjob?jk=b955c9f452035bd8,[KSTEC] 통계/Analytics 신입 및 경력사원,성남 분당구,"지능화 (의사결정 자동화) 시스템 개발 (SPSS, SAS, R, Python, Java 기반)2. 기업용 데이터과학 & 인공지능 플랫폼 솔루션3... 게임>빅데이터·AI(인공지능)> Python|인터넷·IT·통신·모바일·게임..."
https://kr.indeed.com/viewjob?jk=a7eca686000928d5,네이버 파이낸셜 플랫폼 운영,성남 삼평동,"Docker(kubernetes) 및 어플리케이션 배포 전략 지식 보유 - Shell script, python 및 web framework 등 기타 프로그래밍 언어 활용 가능 - 국가보훈대상자 및 장애인은 법령에 의거..."
https://kr.indeed.com/viewjob?jk=4cc15c26097421c5,"개발자 - Python 프로그래밍과 Java, C 소스코드 분석",서울 송파구,"자격요건 인원 [담당업무]개발자 - Python 프로그래밍과 Java, C 소스코드 분석[근무부서 및 직급/직책]근무부서: 엔터프라이즈 솔루션직급/직책: 팀원, 대리, 차장 [필요기술]ㆍ Python 프로그래밍과 Java, C..."
https://kr.indeed.com/viewjob?jk=aadbe3ea7e4921fe,2022년 (주)신흥 및 계열사/관계사 신입 및 경력 공개,서울 중구,래머>백엔드|인터넷·IT·통신·모바일·게임>웹프로그래머>프론트엔드|인터넷·IT·통신·모바일·게임>웹프로그래머> Python|인터넷·IT·통신·모바일·게임>HTML·퍼블리싱·UI개발>웹표준|인터넷·IT·통신·모바일·게임>HTML...
https://kr.indeed.com/viewjob?jk=6825074ac2d6f4ad,[INEEJI 인공지능연구소] AI 예측 전문기업 개발팀원,성남 분당구,INEEJI 인공지능연구소] 예측 서비스 AI엔지니어 모집(경력)- 인공지능기반 시계열 예측 서비스 개발( Python/TensorFlow등 기반)[근무부서 및 직급/직책]근무부서: 인공지능연구소직급/직책: 사원 [자격요건...
https://kr.indeed.com/viewjob?jk=375d31c1f3157770,Machine Learning Engineer,서울,"statistics and algorithms • Ability to write robust code in Python, Java and R • Familiarity with machine learning..."
https://kr.indeed.com/viewjob?jk=9f394b5524026b45,백엔드 개발자 [경력],서울 강남구,래머>JAVA|인터넷·IT·통신·모바일·게임>웹프로그래머>백엔드|인터넷·IT·통신·모바일·게임>웹프로그래머> Python|인터넷·IT·통신·모바일·게임>응용프로그래머>JAVA|인터넷·IT·통신·모바일·게임>응용프로그래머>자바스...
https://kr.indeed.com/viewjob?jk=50ba3d65de9923fe,"제어 및 계측분야 S/W 엔지니어 (신입, 경력)",경기도 부천,"발ㆍ이미지 프로세싱, 인공지능ㆍ개발언어 : LabVIEW, C++, Python- 경력 : 경력 3년이상 (급여 : 경력에 따라 협의하여 결정) 자기... 언어 : LabVIEW, C++, Python [근무시간 및 형태] 주 5..."
https://kr.indeed.com/viewjob?jk=11d06a906dfe933f,"JAVA, Python 경력 정규직",서울 서초구,"(주)마인케이 JAVA, Python 경력 정규직 채용 모집부문 및 자격요건 담당업무 자격요건 인원 [담당업무]자바, 코틀린, 파이썬, 개발 및 응용프... 로그래머>JAVA|인터넷·IT·통신·모바일·게임>응용프로그래머> Python"
https://kr.indeed.com/viewjob?jk=19da3484bd7a72f1,Machine Learning R&D 연구원,서울 서초구,"가능) ㆍ최신 딥러닝, 기계학습 이론에 대한 이해 및 구현 역량 ㆍ Python, TnsorFlow, C/C++, TensorRT 등 프로그래밍 실무... 대한 이해 및 구현 역량 ㆍ Python, TnsorFlow, C/C++..."
https://kr.indeed.com/viewjob?jk=b515669e8032265b,[kt ds] 2022년 각 부문별 경력사원 수시,서울 서초구,JAVA|인터넷·IT·통신·모바일·게임>응용프로그래머>C·C++|인터넷·IT·통신·모바일·게임>응용프로그래머> Python|인터넷·IT·통신·모바일·게임>응용프로그래머>자바스크립트|인터넷·IT·통신·모바일·게임>응용프로그래머...
https://kr.indeed.com/viewjob?jk=40edd17797bfcfbe,웹 프로그래머 채용,서울 서초구,"ㆍ 웹 솔루션 및 웹 사이트 개발 ㆍ PHP, JSP, JAVA, CSS, Jquery, MYsql ㆍ python 경력자 우대 ㆍ 서버 관리 경험자 우대 ㆍ 전산 관련 전공자 우대 *급여 내용 신입 - 기본급 : 200..."
https://kr.indeed.com/viewjob?jk=6ad7c43392438b73,[TmaxAI/R&D] NLP(자연어/문서/음성)부문 개발자,성남 분당구,"DB 개발 경험이 있으신 분 [음성, 자연어처리] -관련 분야의 연구 경험 / 기본 지식 보유자 -기본적인 Python 프로그래밍이 가능하신 분 우대사항 [리더급] -전반적으로 인공지능 자연어/문서처리 기술에 대한 이해가..."
https://kr.indeed.com/viewjob?jk=45270f7fa037cf9c,"2022년 상반기 주식회사 쏘마 전 개발 직군 (백엔드, 프론트엔드 외 신입/경력 정규직)",성남 분당구,트엔드|인터넷·IT·통신·모바일·게임>웹프로그래머> Python|인터넷·IT·통신·모바일·게임>응용프로그래머>C·C++|인터넷·IT·통신·모바일·게임>응용프로그래머> Python|인터넷·IT·통신·모바일·게임>빅데이터·AI(인공...
https://kr.indeed.com/viewjob?jk=36e378ae85aac43e,"Software Engineer, Android Connectivity",서울 강남구,"following languages: C, C++, Java, or Python.Preferred qualifications:5 years... 그래머>C·C++|인터넷·IT·통신·모바일·게임>응용프로그래머> Python"
https://kr.indeed.com/viewjob?jk=55a19c92c845685e,Developer / Designer recruit,서울 논현동,"language (i.e Python, Ruby, Java, .Net... High proficiency in Python... knowledge... least one Python web framework..."
https://kr.indeed.com/viewjob?jk=04c31e4f5c277f31,"Software Engineer, Robotics",서울,"구하고 필요한 기능을 개발합니다. 차세대 로봇 플랫폼 개발에 필요한 선행 연구를 수행합니다. 자격 요건 Python 및 C++ 개발 경력 3년 이상 혹은 그에 준하는 실력을 갖추신 분 알고리즘, 자료구조, 운영체제에 대한..."
https://kr.indeed.com/viewjob?jk=0e25160b5a1d095f,[유통 대기업] Business Analyst(비지니스분석가) 과차장급,서울,"이터 컨설팅 또는 비즈니스 컨설팅 경력 5년 이상 보유 -SQL, R, Python 중 1개 이상의 분석 도구 활용 경험 보유 -비지니스에 대한 문제... 게임>빅데이터·AI(인공지능)> Python|인터넷·IT·통신·모바일·게임..."
https://kr.indeed.com/viewjob?jk=e8c110fe49ba6240,Senior AI Research Engineer,서울,"Caffe, and MxNet Strong programming skills with C/C++ and Python Experiences in programming and testing on Linux environment..."
https://kr.indeed.com/viewjob?jk=b3a6c83c9debcb92,네이버 파이낸셜 플랫폼 운영,성남 삼평동,"Docker(kubernetes) 및 어플리케이션 배포 전략 지식 보유 - Shell script, python 및 web framework 등 기타 프로그래밍 언어 활용 가능 - 국가보훈대상자 및 장애인은 법령에 의거..."
https://kr.indeed.com/viewjob?jk=f862c821b0734933,[NAVER Cloud] Media 서비스 개발,서울,"다양한 개발 경험 또는 Go, Python, C/C++등을 이용한 플랫폼... 가능하신 분 - Java, Kotlin, Golang, C, C++, Python, node.js, typescript 등으로 작성된 코드 및 프레임..."
https://kr.indeed.com/viewjob?jk=3544467a7b64376f,[전문연구요원] 의료영상 리서치 엔지니어 정규직,서울 마포구,"학력무관직무기술: VISUALC++, 응용프로그래밍, C·C++, Python, AI개발 2 명 근무조건 고용형태: 정규직(수습기간3개월)근무부서... 머신러닝(ML)|인터넷·IT·통신·모바일·게임>응용프로그래머> Python"
https://kr.indeed.com/viewjob?jk=3617e30a1af44426,[NHN SOFT] Back-End 경력 개발자,성남 분당구,통신·모바일·게임>웹프로그래머> Python|인터넷·IT·통신·모바일·게임... 로그래머>증강현실(AR)|인터넷·IT·통신·모바일·게임>응용프로그래머> Python|인터넷·IT·통신·모바일·게임>응용프로그래머>머신러닝(ML)|인터넷...
https://kr.indeed.com/viewjob?jk=da92f66643f9d090,[하나금융TI] 금융시스템 개발 경력사원 (2.11~2.23),서울 중구,JAVA|인터넷·IT·통신·모바일·게임>응용프로그래머>C·C++|인터넷·IT·통신·모바일·게임>응용프로그래머> Python|인터넷·IT·통신·모바일·게임>응용프로그래머>C#|인터넷·IT·통신·모바일·게임>응용프로그래머>인공지능...
https://kr.indeed.com/viewjob?jk=aa20b37148768ec5,Quantitative Researcher,서울,etc.) Excellent academic record Proficiency in C/C++ or Python... other programming languages Excellent problem solving...
https://kr.indeed.com/viewjob?jk=dfa7d678dd3ca154,각 부문별,대한민국,"MS Office, VBA, Python 등) 경험자 우대 4. 관련업무... 법론 개발 역량 3. 파생상품 평가모형 프로그래밍 경험 (C/C++, Python 등) 4. 우대 조건 - 석사학위 이상 소지자 - 리서치 능력 보유..."
https://kr.indeed.com/viewjob?jk=9205c6ddd797cac4,Planning and Scheduling Optimization Development Engineer,성남 분당구,teams.New PhDs are encouraged to apply. 인터넷·IT·통신·모바일·게임>웹프로그래머> Python|생산·정비·기능·노무>생산관리>공장장|인터넷·IT·통신·모바일·게임>소프트웨어·하드웨어>소프트웨어
https://kr.indeed.com/viewjob?jk=2f3f44227bceb08e,SW/HW 개발직군,서울,"유역량/자격조건 - Embedded Linux 기반 C, C++, Python, Java 개발 경험 - Windows용 카메라 제어 Tool(C#, Python 등) 개발 경험 - 3A (AE, AWB, AF) 화질 알고리즘..."
https://kr.indeed.com/viewjob?jk=322f179591a05563,[전문연구요원] Software Engineer,서울,"처리하며 프로세스 자동화 환경을 구축합니다. 자격 요건 전문연구요원 편입 자격을 갖춘(갖출 예정인) 분 중 Python 개발에 자신 있는 분 기본적인 개발능력 (알고리즘, 자료구조, 운영체제, DB 등) Git을 통한 협업..."
https://kr.indeed.com/viewjob?jk=99d83bdfd2fffadd,Mendix - Senior Consultant (South Korea),서울,"language including SQL, Java, JavaScript, .NET, C#, Python... React You are passionate about cloud-native and mobile..."
https://kr.indeed.com/viewjob?jk=16335318da495e13,Data Scientist,서울 영등포구,"기반 예측, 모델링 프로젝트 경험자 데이터 분석/모델링을 위한 언어 및 프레임워크 사용에 익숙하신 분 ( Python, R, SQL, Pandas, TensorFlow, Pytorch, Spark 등) 회사 내부 구성원들과..."
https://kr.indeed.com/viewjob?jk=d85b2fcb2caec116,"Cloud Operations Engineer, APAC",서울,scale... pure Python infra-as-code... Our cloud operations engineers bring Python software-engineering skills and rigour...
https://kr.indeed.com/viewjob?jk=3b7dbdf85a326a6d,국내 대기업 - AI 및 딥러닝 관련 경력자,서울,"관련 전문 지식 있는 분 - Python 또는 Scala, JAVA 활용... 레임워크 활용 역량 좋은 분- 자연어처리 관련 전문 지식 있는 분- Python 또는 Scala, JAVA 활용 역량- 미디어/커머스/전자/IT 업계..."
https://kr.indeed.com/viewjob?jk=9c1d64accff1bc41,경력직 리스크관리팀,서울 영등포구,"등 관련 업계에서의 유사 업무- 경제, 재무 관련 지식 보유자 우대- 엑셀, Bloomberg, SQL, Python 등 프로그래밍 역량 우대3. 자격사항: 투자자산운용사, CFA, FRM 보유 시 우대4. 어학사항: 초급..."
https://kr.indeed.com/viewjob?jk=38a26ad31307be21,[위메프] 신규서비스 ML엔지니어,대한민국,"선택을 고민하는 누군가에게 도움이 되고 싶다면 우리의 동료가 되어주세요!! [우리가 사용하는 기술] Python, ML도구(Pytorch, Tensorflow, Scikit-learn 등) Elasticsearch..."
https://kr.indeed.com/viewjob?jk=6d389529bece608b,자동차 전장 Security 분야 전문가,서울 강서구,식에 대한 이해 - Linux 사용 경험 보유 (1년 이상) - Shell Scripting 제작 또는 Python Programming 경험 2. 우대사항 - SDL (Security Development Lifecycle...
https://kr.indeed.com/viewjob?jk=d80dce8568e6d739,Security Engineer,서울,"C, C++... Java • Experience with scripting (e.g. python, ruby, bash) • Knowledge of common wireless connectivity..."
https://kr.indeed.com/viewjob?jk=752a4b5d63eac97c,Sr. Back-end Engineer (Python),서울 강남구,"관리합니다. 개발 언어 : Python 개발 환경 및 도구 : Django... 이상의 백엔드 개발 경험, 또는 이에 준하는 역량을 가지신 분 Python 및 Python web framework를 활용한 백엔드 개발에 거부감이..."
https://kr.indeed.com/viewjob?jk=8c32b5db8ab28c7d,"[광고 추천] 데이터 과학자, 기계학습(머신러닝) 전문가 모집",성남 판교역,"학습(머신러닝), 딥러닝에 관한 지식과 경험이 풍부한 분 하나 이상의 프로그래밍 언어에 능통한 분 (예, Python, R, Java, Scala, C/C++, Golang 등) 단, 주니어는 기계학습 기초 지식과 개발 역량..."
https://kr.indeed.com/viewjob?jk=8d05eb89c3dfb9f3,IT/AI 개발 팀원/팀장,서울 용산구,(주)제이로고스 IT/AI 개발 팀원/팀장을 모집합니다. 모집부문 및 자격요건 담당업무 자격요건 인원 ﻿JAVA / Python 프로그래머 경력사항: 경력(연차무관) 학력사항: 대학교(4년)졸업 이상 0 명 근무조건 고용형태: 정규직...
https://kr.indeed.com/viewjob?jk=930fa39d5a70674b,Sr. Solutions Engineer,서울,"Hadoop, Cassandra, and others. Fluent coding experience in Python or Scala implementing Spark, Java and R is also desirable..."
https://kr.indeed.com/viewjob?jk=2f56d4b70c1df086,하반기 인턴직 모집,서울 을지로2가,"지니어 (IT 인프라 관리/운영) 서버, 네트워크 Bash, Java, Python ① 학력 : 초대졸 이상 (2020년 2월 이후 졸업/졸업예정... JavaScript, VC++, Python) 한솔 PNS IT 부문..."
https://kr.indeed.com/viewjob?jk=65d17e4704beb445,네트워크 보안 담당자 채용,서울 중학동,"정보보안기사 등 관련 자격증을 보유하신 분 - 포렌식 업무 경험 또는 관련 자격증을 보유하신 분 - Java, Python 등 프로그래밍 언어가 능숙하신 분 근무조건 [근무조건] - 근무형태 : 정규직 - 모집인원 : 명..."
https://kr.indeed.com/viewjob?jk=a3ff75e302b24374,"Solutions Architect - AMAZON Web Services, Korea",서울,"languages... Ruby, Python and Node... 현대 개발 언어에 대한 실무적 지식: 루비 (Ruby), 파이썬 ( Python), Node.js 등 · 개발자 및 IT 운영자 대상의 신기술 전파에..."
https://kr.indeed.com/viewjob?jk=603dd05f6481dd51,Staff Applications Engineer,서울,"power grid, etc.; Text-Based Programming, C++, VB, Java, Python, etc.; Experience in developing in RT based microcontrollers..."
https://kr.indeed.com/viewjob?jk=733b814969bff5a7,Jr. Back-end Engineer (Python),서울 강남구,"이런 분을 찾아요 2년 이상의 Python을 활용한 백엔드 개발 업무를 수행한 경험이 있으신 분 Django, Django Rest Framework, Flask 등의 Python web framework를 사용하여..."
https://kr.indeed.com/viewjob?jk=4a5738febf355646,"[한국축산데이터] 백엔드 개발자, 프론트엔드 개발자, 엔지니어, AI연구원 (신입/경력)",서울 강남구,개발자 (Spring)백엔드 개발자( Python)백엔드 개발자(NestJS... 당업무]- 농장 전산 관리 프로덕트 (팜스플랜 매니저) 백엔드 개발 ( Python)[담당업무]- 가축 헬스케어 프로덕트 (팜스플랜) 백엔드 개발 인터...
https://kr.indeed.com/viewjob?jk=e29bd57c416ee579,인재 Pool 등록,대한민국,"5년 이상 (IT기획, 프로젝트 PM/PL, 개발경력 등) - 자격 : 컴퓨터 언어 활용능력 보유 (JAVA, PYTHON) : 데이터베이스(RDBMS) 활용능력 보유 - 우대사항 : IT 예산(HW,SW,인건비) 수립 경험..."
https://kr.indeed.com/viewjob?jk=e00d3977d633da67,[쿠키런: 오븐브레이크] 데이터 분석가 (경력),서울 강남구,통신·모바일·게임>ERP·시스템분석·설계>데이터분석|인터넷·IT·통신·모바일·게임>응용프로그래머> Python|인터넷·IT·통신·모바일·게임>웹프로그래머> Python|인터넷·IT·통신·모바일·게임>데이터베이스·DBA>SQL
https://kr.indeed.com/viewjob?jk=d1d26bc871719fe2,대학생인턴십 2기 모집,서울 영등포구,"러시아어 회화 가능자 - 통계 프로그래밍(Minitab, SPSS, SAS 등), 프로그래밍언어(R, Python 등) 활용 경험 보유자 - 빅데이터/IT/품질/환경안전 관련 자격증 보유자 - PLC,N/W, 비전, 센터..."
https://kr.indeed.com/viewjob?jk=340fa2d2204cf879,"Cloud AI Engineer, Professional Services",서울,"Experience writing software in one or more languages... Python, Scala, R... similar. Experience building machine..."
https://kr.indeed.com/viewjob?jk=4022f49bc50ef230,[보안] 네트워크/시스템 보안 관리,성남 판교역,"경의 시스템 보안 관리 경험 - 정보통신망법, 개인정보보호법, 전자금융감독규정 등 컴플라이언스의 이해 - Python, Script Language 활용 능력 공통지원자격 - 병역필 혹은 면제로 해외여행에 결격 사유가..."
https://kr.indeed.com/viewjob?jk=5ab0b45dfa93411b,Data Engineer 신입사원,서울 강남구,"분류, 개인정보 비식별화, 불량 코퍼스 필터링 등 다양한 ML 프로젝트 (예정)[자격요건]- Julia / Python / R 중에서 자신 있는 프로그래밍 언어가 있는 분- 하나의 데이터도 놓치지 않고 꼼꼼하게 관리할 수..."
https://kr.indeed.com/viewjob?jk=8af26b37623864c4,8퍼센트 개발자 (신입/경력),서울 종로구,개발 금융 데이터 분석과 분석 플랫폼 운영 자격요건 컴퓨터 전공자 또는 웹 개발 경력 1년 이상 우대사항 Python 코드를 무리 없이 읽으실 수 있는 분 Linux/Mac 사용 가능한 분 새로운 기술에 대한 호기심을 가지신...
https://kr.indeed.com/viewjob?jk=40de6a4b81f8724f,[전문연구요원 신규편입/전직] 의료영상/음성인식/생체신호 연구원,서울 서초구,인공지능)>텍스트마이닝|인터넷·IT·통신·모바일·게임>빅데이터·AI(인공지능)>인공지능(AI)|인터넷·IT·통신·모바일·게임>빅데이터·AI(인공지능)> Python|인터넷·IT·통신·모바일·게임>빅데이터·AI(인공지능)>딥러닝
https://kr.indeed.com/viewjob?jk=8b5826f367d5c122,렌더링 엔진 개발자 모집,성남 백현동,"디자인 패턴, ReactiveX 활용 경험 - Java, Swift(Objective C), Lua, Python 등 다양한 언어 경험 - Computer Graphics 이해 - Image Processing 이해..."
https://kr.indeed.com/viewjob?jk=3d1690b2dd2249f8,"[K디지털 트레이닝] 전액 국비지원 IT취업연계 교육 빅데이터, 인공지능",서울 마포구,개발전문과정 인터넷·IT·통신·모바일·게임>웹프로그래머>JAVA|인터넷·IT·통신·모바일·게임>웹프로그래머> Python|인터넷·IT·통신·모바일·게임>빅데이터·AI(인공지능)>빅데이터|인터넷·IT·통신·모바일·게임>빅데이터...
https://kr.indeed.com/viewjob?jk=f9a30da64da7f738,[NHN SOFT] iOS 앱개발,성남 분당구,통신·모바일·게임>웹프로그래머> Python|인터넷·IT·통신·모바일·게임... 로그래머>증강현실(AR)|인터넷·IT·통신·모바일·게임>응용프로그래머> Python|인터넷·IT·통신·모바일·게임>응용프로그래머>머신러닝(ML)|인터넷...
https://kr.indeed.com/viewjob?jk=db181463d1add7c9,안드로이드 백엔드 앱 개발자 (경력 3년 이상),서울 마포구,"개발 관련 업무[지원 자격]- Tech Stack : HTTP/REST 기반의 서버 개발 능력, JAVA/ Python 중 1개 이상의 프로그래밍 언어에 익숙하신 분- Experiences & Qualification : 지원..."
https://kr.indeed.com/viewjob?jk=26fc3f142982bbed,스마트폰 어플리케이션(App) 경력 정규직,성남 분당구,"iOS에서 충분한 개발 경험 • Java, javascript 또는 Python 언어로 APP 개발 경험 보유 • RESTful API 연동 경험자... javascript 또는 Python 언어로 APP 개발 경험 보유..."
https://kr.indeed.com/viewjob?jk=ddc6b45e6effaf83,대기업 Data Scientist 경력직 (판교),성남 분당구,"Reduce, Hadoop, Spark, Gurobi 등) 경험- Python, Pytorch 등 딥러닝 프레임워크 이해 및 개발 경험 [우대사항... 게임>빅데이터·AI(인공지능)> Python|인터넷·IT·통신·모바일·게임..."
https://kr.indeed.com/viewjob?jk=cae856b09262a4bb,2월 11번가 Backend 개발 경력공채,서울 중구,"2. 활용기술[서버 개발] - Spring Boot 2.x, Spring Cloud, Reactor, Python, Node.js - Oracle, MongoDB, MySQL, Kafka, Redis, Spring Cloud..."
https://kr.indeed.com/viewjob?jk=b1a5c227702a4988,데이터분석가,성남 수정구,"입지 분석- 연봉: 3,600~4,900만원- 1. 머신러닝, 모델링 및 실무 지식 - 필수사항: SQL, Python 등 데이터 관련개발언어에 대한 이해 [근무시간 및 형태] 주 5일 근무 (오전) 10시 00분 ~ (오후..."
https://kr.indeed.com/viewjob?jk=b70ba07a7655f711,IT부문 프로그램 개발/운영 (신입/경력),대한민국,"및 운영 경험자 우대 - HTS 로그인 및 메인 화면 개발(VC++) - HTS 시세 및 주문화면 개발( Python) - Java, Objective-C 개발 가능자(모바일) - Oracle/Mysql/MSSql 등 DBMS..."
https://kr.indeed.com/viewjob?jk=be6c1f03fa566f8e,추천 시스템 연구/개발,성남 판교역,"분야 석사 또는 박사 학위 소지자 적어도 하나 이상의 능숙한 프로그래밍 언어가 있으신 분 우대사항 Python, C++, GPU 프로그래밍 숙련자 TensorFlow, PyTorch, implicit 등 머신러닝/추천..."
https://kr.indeed.com/viewjob?jk=b6d169aa029a45a6,[강남/스타트업] 에이스랩 자율주행 엔지니어,서울 강남구,"공학 등 관련학사혹은 상응하는 지식- 프로그래밍 능력 (C/C++, python, etc)자세한 업무 및 자격 요건은 자사 홈페이지에서 확인 00 명... 통신·모바일·게임>응용프로그래머> Python|인터넷·IT·통신·모바일·게임..."
https://kr.indeed.com/viewjob?jk=025b89990231eea6,[대형증권사] 자산배분전략 수립/모델개발,서울 강남구,통신·모바일·게임>웹프로그래머>JAVA|인터넷·IT·통신·모바일·게임>웹프로그래머>프론트엔드|인터넷·IT·통신·모바일·게임>웹프로그래머> Python|인터넷·IT·통신·모바일·게임>웹프로그래머>HTML·DHTML·mHTML
https://kr.indeed.com/viewjob?jk=4fde5eac56b8417c,웹프로그래머 구인,서울 용문동,"데이터 수집, 분석 및 가공 에 관련된 프로그램 개발 ( Python) REST API개발( Python) # 우대사항 javascript 개발경험 필수 python 개발 유경험자 우대 Android, iOS 개발 유경험..."
https://kr.indeed.com/viewjob?jk=93d196ee3158a5c0,보안전문 기업 씽크에이티와 함께할 개발자,서울 구로구,"globalcall api - asterisk 연동 환경 : node.js - 시스템 운영 관리 언어 : python, 쉘 스크립트 - MFC 인프라 운영 운영체제 운영 관리 경험. - CentOS 5,6,7 - RHEL 5..."
https://kr.indeed.com/viewjob?jk=defcaa5622920686,"즐겁게 함께 일할 신입 웹 개발자 (신입 1명, 경력 1명)",서울 구로구,"시스템 프론트엔드 유지 보수 및 신규 시스템 개발 업무* 사용기술 : JAVA, JAVA script, Python, Maria DB, 몽고DB* 희망연차 : 신입 ~ 3년 미만* 구인인원 : 신입 1명, 경력 1명 [근무시..."
https://kr.indeed.com/viewjob?jk=834db148c2e3c7b5,[NHN Cloud] 앱가드 Android 개발,성남 판교역,"모바일 앱의 해킹 탐지 및 방어 엔진 개발 - 모바일 보안 기술 연구 - C/C++, Java, Python 언어 중 하나 이상을 이용한 개발 경력 2년 이상 - 보안 관련 지식 - 모바일 보안 솔루션 개발 경험..."
https://kr.indeed.com/viewjob?jk=ee3c39c3dd4316ba,Solutions Engineer,대한민국,"Experience working... least one... following languages: Python, Java, C#, .NET, PHP, JavaScript * Savvy presentation..."
https://kr.indeed.com/viewjob?jk=c719ac7a926d4858,Software Engineer - Robotics,서울,STEM or similar degree You have in-depth knowledge of C / C++ and Python programming You value soft skills... passionate...
https://kr.indeed.com/viewjob?jk=abe4fc0b70f19c72,[대기업] 클라우드/IoT 플랫폼 개발,서울,통신·모바일·게임>웹프로그래머> Python|인터넷·IT·통신·모바일·게임... 응용프로그래머>Linux|인터넷·IT·통신·모바일·게임>응용프로그래머> Python|인터넷·IT·통신·모바일·게임>시스템프로그래머>사물인터넷(IoT...
https://kr.indeed.com/viewjob?jk=b02ac4c4261e0dd7,"Technical Solutions Manager, gTech Customer Experience",서울,"one or more... following languages: Java, C++, or Python. Ability to speak and write in English and Korean fluently..."
https://kr.indeed.com/viewjob?jk=557fe7d3af887a99,Cymer Software Engineer,대한민국,"experience in C/C++/MFC, and C#/Java/Scripts(VB, Python, Java) programming in extra More than 1~2 years of development..."
https://kr.indeed.com/viewjob?jk=0e99fa45e95b20c5,경력직 채용_리스크관리팀,서울,"등 관련 업계에서의 유사 업무 - 경제, 재무 관련 지식 보유자 우대 - 엑셀, Bloomberg, SQL, Python 등 프로그래밍 역량 우대 3. 자격사항: 투자자산운용사, CFA, FRM 보유 시 우대 4. 어학사항..."
https://kr.indeed.com/viewjob?jk=e9d088a6f29e3a7c,DT운영팀 경력직,서울 강남구,"시각화 -공공 데이터 연계 및 활용 서비스 개발이런 분을 찾습니다.자격요건-학력 : 대졸이상-프로그래밍 개발( Python, Java) 경험 5년 이상-Database, SQL 중급 이상 이해도-AWS, Hadoop 등 DT..."
https://kr.indeed.com/viewjob?jk=27b06cad4f2d0c63,클라우드 엔지니어,성남 판교역,"있으신 분 -WebLogic, JBoss 및 Tomcat과 같은 WAS 설치 및 구성 경험 있으신 분 - Python, Shell, Powershell 등의 스크립팅 언어 개발 경험 있으신 분 -대규모 프로젝트 수행 경험..."
https://kr.indeed.com/viewjob?jk=df228c302c3c8f9b,서버개발자(벡앤드) 정규직,서울 강남구,시스템 개발 [자격요건]• 경력사항: 경력(3년 이상 7년 이하)• 학력사항: 학력무관• 중상급 이상의 Python 또는 JavaScript 언어 활용 가능자• Django 또는 Node.js rest framework에...
https://kr.indeed.com/viewjob?jk=a43a29904bd36e97,Software 경력 (Cyber Security/기능안전/통신/신호처리/오토사/플랫폼/자동화),서울 강서구,"개발 필요 역량 및 우대사항 - 칩셋 SW 분석 및 디버깅 경력 - Python, C, C++ 경험 - 통신 표준 기술, Protocol Layer... MATLAB, Simulink, Python) * MBD / AUTOSAR..."
https://kr.indeed.com/viewjob?jk=0229342521a71f63,(주)리얼데이터 분석컨설팅 인력,서울 성동구,이터·AI(인공지능)>데이터마이닝|인터넷·IT·통신·모바일·게임>빅데이터·AI(인공지능)>빅데이터|인터넷·IT·통신·모바일·게임>빅데이터·AI(인공지능)> Python|인터넷·IT·통신·모바일·게임>빅데이터·AI(인공지능)>R
https://kr.indeed.com/viewjob?jk=c7c8d94a1d395edc,블록체인 경력직 개발자 특별채용,대한민국,"자격] - 3년 이상 백엔드 개발 경력 또는 이에 준하는 경험을 갖춘 분 - Golang, Java, Python, nodeJS 중 하나로 백엔드 개발을 하신분 - 퍼블릭 서비스 개발 및 운영 경험자 - Gitlab..."
https://kr.indeed.com/viewjob?jk=2245d28f773382c7,프로그램 개발/운영 신입사원 모집,서울 영등포구,"및 운영 경험자 우대 - HTS 로그인 및 메인 화면 개발(VC++) - HTS 시세 및 주문화면 개발( Python) - Java, Objective-C 개발 가능자(모바일) - Oracle/Mysql/MSSql 등..."
https://kr.indeed.com/viewjob?jk=f6cb81755c0a4a6f,[TmaxOS/R&D] OS부문 개발자,성남 분당구,CD 개발 운영 [주 사용 언어] - C/C++ - JavaScript/TypeScript - Java - Python 자격요건 - 4년제 대졸(학사) 이상 / 기졸업자 또는 22년 8월 졸업 예정자 - 컴퓨터 및 전산관련...
https://kr.indeed.com/viewjob?jk=dfffe1088f829d9b,Sr. Application Engineer - EBS,경기도 성남,"programming language like Visual Basic, VBScript, or Python is also highly desirable Programming Skills like C language..."
https://kr.indeed.com/viewjob?jk=fc09bd46b913c048,[NHN Cloud] 시스템 엔지니어링,성남 판교역,"운영 경험 보유 - 쉘 스크립트 또는 프로그래밍 개발 스킬 보유 * Bash, PowerShell, Python, JAVA, etc * 운영 자동화/효율화 경험 보유 - 대용량 트래픽 처리를 위한 인프라 설계와 구축..."
https://kr.indeed.com/viewjob?jk=8c8c96a3ffac77f8,데이터 엔지니어 경력 정규직,서울 중구,"Redshift, Snowflake 등) 설계, 개발, 운영 경험• Python/R/dbt, Kafka/Airflow 등을 사용하여 데이터 전처리를... 게임>빅데이터·AI(인공지능)> Python|인터넷·IT·통신·모바일·게임..."
https://kr.indeed.com/viewjob?jk=269f9a96319ef19a,머신러닝 엔지니어 모집,성남 판교역,"델의 성능 검증 및 지속 개선 대규모 로그 데이터 통계 분석을 통한 피쳐 추출 지원자격 #필수사항 Python, Java, C++ 등 언어 중 하나 이상 활용 가능하신 분 TensorFlow/Keras, PyTorch..."
https://kr.indeed.com/viewjob?jk=8fa17c6073918c5b,하둡 플랫폼 서비스 개발자 모집,성남 판교역,"대한 기본 지식 * Hadoop/ecosystem 활용/개발 경험 3년 이상 * Java 필수, 그 외 Python, Ruby 중 1개 이상 언어로 개발 가능 * Web framework를 이용한 서비스 개발 경험 [우대..."
https://kr.indeed.com/viewjob?jk=b4aa30d6c7d3a06d,"Technical Solutions Engineer, Platform, Google Cloud",서울,"Experience in reading or debugging code using Java, C, C++, Python, Shell, Perl... JavaScript. Preferred qualifications..."
https://kr.indeed.com/viewjob?jk=58ffe9950f464f19,[카카오메이커스] 퍼포먼스 마케터 모집,성남 삼평동,"커머스 업계에서 2년 이상 실무를 하며 인사이트를 갖추신 분 - 분석언어 활용 역량을 보유하신 분 (SQL, Python 등) - 서비스 내 자발적인 프로젝트를 통해 유의미한 Growth를 만들어 낸 경험이 있으신 분 전형..."
https://kr.indeed.com/viewjob?jk=39b4c349f0d85ecc,Python Junior Backend Developer,서울,"“글로벌 콘텐츠 디스커버리 플랫폼 데이블에 지원하세요~!” 데이블은 ‘사용자와 미디어, 콘텐츠를 연결하자’는 미션을 가진 콘텐츠 디스커버리 & 네이티브 광고 플랫폼입니다. 데이블은 2015년 네이버, NC소프트, SK플래닛..."
https://kr.indeed.com/viewjob?jk=78526735d90a85b9,"Machine Learning - iOS Software Engineer,",서울,"computer vision Python libraries... programming skills with proficiency in Python, Flask, iOS Dev tools, and GitHub..."
https://kr.indeed.com/viewjob?jk=116009dbf59211ed,퍼즐데이터 역량있는 데이터 분석가,서울 역삼동,"데이터 마이닝 및 통계분석에 대한 전반적인 이해 3. 관련분야(산업공학, 통계 등) 전공 4. R or Python 사용 능력 * 이런 분은 더욱 좋아요. 1. 프로세스 마이닝 지식 보유자 2. 관련분야 대학원 전공 3..."
https://kr.indeed.com/viewjob?jk=9720582e65044101,이공계 우수인력 희망기업,서울,과정명 연수지역 연수기관 연락처 경기도경제과학진흥원 JAVA와 파이썬( Python)기반 빅데이터 분석 양성 서울 031-259-6067 동양미래대학교... 게임>빅데이터·AI(인공지능)> Python|인터넷·IT·통신·모바일·게임...
https://kr.indeed.com/viewjob?jk=4b9e10fafa9f733c,[네이버파이낸셜] 대안신용평가 모델 개발 및 운영,서울,"리스크 전략 운영 시스템 관리 가능하신 분 - SAS, SQL, R, Python 등을 활용한 데이터 핸들링 및 분석에 능숙한 분 - R, Python 등을 활용한 ML 개발 경험이 있는 분 - 팀웍 및 독립적으로 프로젝트..."
https://kr.indeed.com/viewjob?jk=c0f290b9dc436e3a,음성신호 처리/개발 부문 경력,서울 강남구,등 open source DL framework에 대한 구현 경험 - Python/Javascript 개발 경력 3년 이상 혹은 그에 준하는 실력... 게임>빅데이터·AI(인공지능)> Python|인터넷·IT·통신·모바일·게임...
https://kr.indeed.com/viewjob?jk=9f0ce22eee4259bb,"교육 기획/운영, 시스템 기획",서울 성동구,"Science, Data Science, AI, Algorithm, Python 등... 데이터 분석, 인공지능, 프로그래밍 언어) 교육에 관심... AI, Algorithm, Python 등)• IT(데이터 분석, 인공지능..."
https://kr.indeed.com/viewjob?jk=0a57a69a13126ff5,셀프 인테리어 위한 AI 플랫폼 서비스 개발자,성남 분당구,이상의 python 또는 node.js실무 개발경험이 있는 분 -Restful API에 대한 이해와 실무경험이 있는 분 인터넷·IT·통신·모바일·게임>웹프로그래머>웹개발|인터넷·IT·통신·모바일·게임>웹프로그래머> Python...
https://kr.indeed.com/viewjob?jk=9d0aa83c1e8f086e,카카오 전사QA 모집,성남 판교역,"능력 보유 능동적이고 빠른 실행력 보유 [우대사항] 테스트 자동화 설계 경험자 혹은 스크립트 언어( python, java, javascript 등) 가능자 다앙한 테스트 도구(Postman, Appium, Selenium..."
https://kr.indeed.com/viewjob?jk=e85487d0d81b009b,시스템보안 담당자 채용,서울 중학동,"경험 보유 우대사항 - AWS, Azure 등 클라우드 환경의 보안서비스 운영 경험자 - Java, Python 등 프로그래밍 언어 능숙자 근무조건 [근무조건] - 근무형태 : 정규직 - 모집인원 : 명 - 근무지..."
https://kr.indeed.com/viewjob?jk=e36b281df2933890,[위메프서비스] E-Commerce 데이터엔지니어/NLP개발자,대한민국,"우리가 사용하는 기술] 개발언어: Python, Java 하둡인프라... 시스템 Hadoop 및 Spark 경험이 있으신 분 Java, Python 개발 능력을 보유하신 분(중급 이상) Hadoop Ecosystem..."
https://kr.indeed.com/viewjob?jk=5842bf7f00547688,S/W개발 신입/경력 정규직,서울 성동구,인터넷·IT·통신·모바일·게임>응용프로그래머>자바스크립트|인터넷·IT·통신·모바일·게임>응용프로그래머> Python|인터넷·IT·통신·모바일·게임>응용프로그래머>Linux|인터넷·IT·통신·모바일·게임>빅데이터·AI(인공지능...
https://kr.indeed.com/viewjob?jk=27429905ec7f18d1,2022년 상반기 각부분 신입/경력,서울 서대문구,"정규대학 이상 학력 전공 무관 데이터 기획/분석/모형구축 관련 경험자 빅데이터 분석 툴 활용/분석능력 보유( Python, R, Matlab, Tableau, SAS 등) [우대요건] 석사학위 이상 또는 대학원 재학생 빅데이터..."
https://kr.indeed.com/viewjob?jk=c9206c4cf58de0d1,2022년 직원,서울 영등포구,"관련 개발 및 운영 경험자 우대 HTS 로그인 및 메인 화면 개발(VC++) HTS 시세 및 주문화면 개발( Python) Java, Objective-C 개발 가능자(모바일) Oracle/Mysql/MSSql 등 DBMS..."
https://kr.indeed.com/viewjob?jk=6dd48f3771d01215,"Student Researcher Intern, 2022",서울,"programming languages, including: C/C++, Java, MATLAB, Go, Python, or similar. Ability to speak and write in English fluently..."
https://kr.indeed.com/viewjob?jk=d896ab1b01beda48,각 분야별 직원,서울 마포구,"필수사항] IT 전체 경력 7 ~ 10년 Spark, Kafka 이용 데이터 처리 경험 2년 이상 Java/ Python Programming, SQL 중급 이상 [우대사항] 실시간 데이터 파이프라인 SI 경험 NoSQL..."
https://kr.indeed.com/viewjob?jk=b98a3a774f37382b,상반기 각 부문 신입/경력 직원,서울,통신·모바일·게임>웹프로그래머> Python|인터넷·IT·통신·모바일·게임... 인공지능)> Python|인터넷·IT·통신·모바일·게임>응용프로그래머>인공지능(AI)|인터넷·IT·통신·모바일·게임>응용프로그래머> Python|인터넷...
https://kr.indeed.com/viewjob?jk=34d49641791b538a,"[연구소] 신입 개발자 (python/java, 웹개발 등)",서울 금천구,"연구소] 신입 개발자 모집합니다( python/java, 웹개발 등) 모집부... 바일·게임>웹프로그래머>백엔드|인터넷·IT·통신·모바일·게임>웹프로그래머> Python|인터넷·IT·통신·모바일·게임>통신·모바일>스마트폰 어플리케이션(App)"
https://kr.indeed.com/viewjob?jk=dbb83e696ce19eb7,2022년 제1차 경력직원,서울 중구,"퀀트 운용 및 퀀트 리서치 경력 3년 이상 또는 - 빅데이터 분석 경력 3년 이상 - 프로그래밍 언어( Python, SQL, R) 활용 능력 우대 - 퀀트 주식운용 - 퀀트 투자 전략 및 모델 개발 - 글로벌 금융시장 및..."
https://kr.indeed.com/viewjob?jk=abdc136f65ceddd4,AI 분야,서울,"무를 경험하면서 조직과 함께 성장하고 싶으신 마인드를 보유하신 분 - Python 및 PyTorch, Tensorflow 등과 같은 딥러닝 프레임워크... 경력자 가능 - C/C++, Python, 딥러닝 프레임워크(PyTorch..."
https://kr.indeed.com/viewjob?jk=c1eb021528f29732,2022년 상반기 IT/경영정보 신입경력사원,서울 구로구,14p 인터넷·IT·통신·모바일·게임>응용프로그래머>JAVA|인터넷·IT·통신·모바일·게임>응용프로그래머> Python|인터넷·IT·통신·모바일·게임>응용프로그래머>C·C++|인터넷·IT·통신·모바일·게임>응용프로그래머...
https://kr.indeed.com/viewjob?jk=9b0b800022f0a931,로직팀 설계인력,서울 서초구,"경험자ㆍMixed signal design 경험자ㆍscripting language 지식(Perl, Python, TCL, etc)ㆍDynamic control 지식 0 명 근무조건 고용형태: 정규직근무부서: Digital..."
https://kr.indeed.com/viewjob?jk=24a5807eaf563f23,부문별 경력직,서울 영등포구,게임>빅데이터·AI(인공지능)>하둡(Hadoop)|인터넷·IT·통신·모바일·게임>빅데이터·AI(인공지능)> Python|인터넷·IT·통신·모바일·게임>데이터베이스·DBA>SQL|경영·인사·총무·사무>경영·기획·전략>경영기획...
https://kr.indeed.com/viewjob?jk=cc7b52117054782e,웹보드(고스톱/포커)게임FDS 데이터 분석 전문가 (신입),대한민국,"색과 인사이트 도출이 가능한 분 - 합리적인 커뮤니케이션을 통해 원활한 협업이 가능한 분 우대사항 - python, sql 등을 통한 데이터 분석 경험이 있는 분 - 데이터 분석을 전공하신 분 모집기간 채용시 마감..."
https://kr.indeed.com/viewjob?jk=b40a09bb26c18930,"S/W개발자, H/W개발자, 기구설계 전문가",서울 강서구,"집부문 담당업무 자격요건 인원 S/W개발자H/W개발자기구설계직 [담당업무][S/W 개발]- C, C++, Python 프로그래밍 가능- 영상 처리, 컴퓨터 비전, 머신러닝, 비디오 스트리밍 관련 개발 경력 보유- OpenCV..."
https://kr.indeed.com/viewjob?jk=e1f6164f1d03449a,주식회사 데이터스트림즈 기술연구소 Python/Java 개발자,성남 분당구,데이터스트림즈 기술연구소 Python/Java 개발자 채용 모집부문 및 자격요건 담당업무 자격요건 우대사항 Python/Java 개발 직군 경력직... 통신·모바일·게임>웹프로그래머> Python|인터넷·IT·통신·모바일·게임...
https://kr.indeed.com/viewjob?jk=df21e3bb5d773616,Python Programmer,서울 서초구,개발 – JAVA 프로그래밍(라이브러리 활용) – Spring 프레임 워크 개발 – Python API 프로그래밍 우대사항 – Python 개발 경험 – Open Source 라이브러리 개발경험 – Web 표준에 대한 경험...
https://kr.indeed.com/viewjob?jk=2b9e604e63e7e46d,[카카오커머스] 기술직군,성남 분당구,"우대사항 - 전자금융 감독규정, PCIDSS에 대한 실무 경험이나 이해도가 높으신 분 - JAVA, Python, shell script 등 개발 역량을 갖추신 분 - 웹/앱 취약점 진단 및 모의해킹 역량을 갖추신..."
https://kr.indeed.com/viewjob?jk=a0397bd0c63f81ea,DevSecOps Engineer,서울,other K8s ecosystem Experience with scripting languages... Python / Ruby / Go. Good written/verbal communication skills...
https://kr.indeed.com/viewjob?jk=87309d3ff40ead61,딥러닝 AI 개발 연구원,성남 수정구,시스템프로그래머>임베디드(Embedded)|인터넷·IT·통신·모바일·게임>응용프로그래머>C·C++|인터넷·IT·통신·모바일·게임>응용프로그래머>Linux|인터넷·IT·통신·모바일·게임>빅데이터·AI(인공지능)> Python
https://kr.indeed.com/viewjob?jk=016de9bb83a8032d,JR0186078 AI Research Engineer Intern,서울,"architectures, and optimization strategiesProgramming skills with Python/C++Experience working with one or more deep learning..."
https://kr.indeed.com/viewjob?jk=e7c8c2b11f24fb43,Software Engineer,서울,"languages, including... limited to: C++, Java, C and Python. Excellent written and verbal communication skills. About..."
https://kr.indeed.com/viewjob?jk=093aff756539c03b,Mid-level Software Engineer (AvionX),서울,"software coding more than 1+ software languages (e.g. C, C++, Python, Simulink and so on) Proper English communication skill..."
https://kr.indeed.com/viewjob?jk=2b0112d63721b1e0,Machine Learning Researcher (Computer Vision),서울,"more than one software language (ex: C, C++, C#, Java, Python, Javascript, Matlab, and so on.) Applicants must have..."
https://kr.indeed.com/viewjob?jk=4a0a7b36dbc554f9,Quantitative Research Intern,서울,languages (C++ and Python preferred) Able... 예정자 우수한 학업 성적 프로그래밍 언어에 익숙한 분 (C++ 및 Python 선호) 영어로 의사소통이 가능하신 분 글로벌 금융 시장에 대해 배우려는...
https://kr.indeed.com/viewjob?jk=1e7abd65387c99cc,2022년 이공계열 전공자 대상 취업탐색 멘토 팀,서울 강남구,통신·모바일·게임>웹프로그래머> Python|인터넷·IT·통신·모바일·게임... 로그래머>인공지능(AI)|인터넷·IT·통신·모바일·게임>응용프로그래머> Python|인터넷·IT·통신·모바일·게임>응용프로그래머>증강현실(AR)|인터넷...
https://kr.indeed.com/viewjob?jk=5ea9ea023c6ccc03,"S/W 엔지니어, 데이터분석 신입/경력 정규직, 인턴",성남 분당구,"케이션 제작 및 유지보수 업무- Python, Golang, QT 중 선택... 2. 시스템프로그래머- Python, Golang, QT 중 선택 가능3. 영상데이터 분석 및 모델링- python기반 영상데이터 분석 및 모델링..."
https://kr.indeed.com/viewjob?jk=f8691758f74c5242,Support Engineer- Developer,서울,"developing with Chatbot, Linux, Apache, Java, Node, Python, PHP, or Ruby - Knowledge and experiences of cloud services (Azure..."
https://kr.indeed.com/viewjob?jk=c251796a7cd6e668,Associate Software Engineer - CNC (Computer Numerical Contro...,서울,"delivery) practices Experience in multiple programming languages – Python, Javascript, C# etc Experience in TDD (Test-Driven..."
https://kr.indeed.com/viewjob?jk=84329a66291839cd,각 부문별,서울 강남구,통신·모바일·게임>응용프로그래머> Python|인터넷·IT·통신·모바일·게임... W 엔지니어|인터넷·IT·통신·모바일·게임>빅데이터·AI(인공지능)> Python|유통·물류·운송·운전>유통·상품기획·MD>상품MD|유통·물류·운송...
https://kr.indeed.com/viewjob?jk=ae82262549135b20,"Student Researcher Intern, 2022",서울 강남구,"programming languages, including: C/C++, Java, MATLAB, Go, Python, or similar.Ability to speak and write in English fluently..."
https://kr.indeed.com/viewjob?jk=8164d5e7100c5968,AI Frameworks Engineer Intern,서울,Basic knowledge of deep learning technologies Programming with Python or Shell script Education Students who are currently...
https://kr.indeed.com/viewjob?jk=77b3e91b54377a1f,2022년 한국필립모리스(주) 각 부문,서울 영등포구,통신·모바일·게임>웹프로그래머> Python|인터넷·IT·통신·모바일·게임... 용프로그래머>자바스크립트|인터넷·IT·통신·모바일·게임>응용프로그래머> Python|인터넷·IT·통신·모바일·게임>시스템프로그래머>펌웨어·어셈블러|인터...
https://kr.indeed.com/viewjob?jk=29347071acdd095d,2022 InBody 수시 - 개발,서울 강남구,인터넷·IT·통신·모바일·게임>응용프로그래머>C·C++|인터넷·IT·통신·모바일·게임>응용프로그래머> Python|인터넷·IT·통신·모바일·게임>응용프로그래머>C#|인터넷·IT·통신·모바일·게임>응용프로그래머>Android...
https://kr.indeed.com/viewjob?jk=67c19d7ac0857ecd,빅데이터 분야,서울,"데이터 분석 모형 개발 ① R, Python, SQL 등 데이터 분석 도구... 분석 관련 자격 보유(빅데이터분석기사, ADsP, ADP 등) - R/ Python/SQL 등을 사용하여 데이터를 핸들링하고 대규모 데이터 셋에서 분석..."
https://kr.indeed.com/viewjob?jk=aac8e9355cb855ac,[인재풀] 아티스트 ART,서울,Maya or 3D Max등의 아트웍 툴 사용 경험 Max script 또는 Mel Script의 사용 경험 C# 또는 Python 언어에 대한 이해 및 활용 능력 아트웍 관련 툴 제작 또는 플러그인 제작 경험
https://kr.indeed.com/viewjob?jk=9038966ab39392f2,전장부품사업부 신입/경력사원,서울 마곡역,"전기차 충전 프로토콜(CCS, CHAdeMO) 유경험자 - Business 영어 회화 가능자 - C, Python 언어 개발자 [수행직무] - 차량용 Embedded S/W 분석, 설계, 구현 등 개발 전반 - AUTOSAR..."
https://kr.indeed.com/viewjob?jk=4e38193c08dd3fda,Data Engineer,서울,"Coding experience in more than one software language (ex: Python, R, Pandas, Javascript, Vue.js, React, Angular, and so..."
https://kr.indeed.com/viewjob?jk=69d3cc2cca262747,Machine Learning Engineer Intern - Korea,서울,"Strong algorithms and data structure skills. Fluent... least one programming language including Python, Java, and Golang."
https://kr.indeed.com/viewjob?jk=25b0fa17d08dd0cd,"자바스크립트, Python 외 신입/경력 정규직, 계약직, 인턴",서울 강남구,인터넷·IT·통신·모바일·게임>응용프로그래머>자바스크립트|인터넷·IT·통신·모바일·게임>응용프로그래머> Python|인터넷·IT·통신·모바일·게임>게임(Game)>서버·네트워크개발|인터넷·IT·통신·모바일·게임>게임(Game...
https://kr.indeed.com/viewjob?jk=1bc6c09051f1d591,AI Research Engineer,서울,"PyTorch, Caffe, and MxNet - Strong programming skills with Python and C/C++ - Experiences in programming and testing on Linux..."
https://kr.indeed.com/viewjob?jk=abf652b2753020be,Market/Biz. 분석 분야 경력사원,서울 여의도역,"소통 가능 수준) 우대자격 - 산업공학/통계/전산학/데이터사이언스 관련 전공 - 프로그래밍언어(R, Python 등)을 활용한 데이터 분석 경험 - BI tool(excel BI, Qlik, Power BI, Tableau..."
https://kr.indeed.com/viewjob?jk=0c067de742005bfc,Associate Software Engineer (AvionX),서울,"software coding more than 1+ software languages (e.g. C, C++, Python, model based engineering and so on) Proper English..."
https://kr.indeed.com/viewjob?jk=1fa918baacd1fc58,Software Engineer (MLOps),서울,"experience in more than one software language (ex: C++, Python, Vue.js, Model-based Engineering, and so on) Proper English..."
https://kr.indeed.com/viewjob?jk=73a3a336028ae541,리스크/회계 시스템 담당자,서울 중구,통신·모바일·게임>소프트웨어·하드웨어>소프트웨어|인터넷·IT·통신·모바일·게임>응용프로그래머>JAVA|인터넷·IT·통신·모바일·게임>데이터베이스·DBA>MySQL|인터넷·IT·통신·모바일·게임>웹프로그래머> Python
https://kr.indeed.com/viewjob?jk=9a9114891599cd9b,2022년 상반기 정보보안 엔지니어 - 취약점 파트,서울 금천구,"Top 10에 대한 설명과 구현/조치 가능 국내 컴플라이언스 대응 경험 (주요정보통신기반시설 가이드 등) Python 활용자 Kali 및 Metasploit 경험자-군필자, 경력자, 관련 학과 졸업자 우대 * 자격요건과 우대..."
https://kr.indeed.com/viewjob?jk=f94102acc758f433,Explainable AI 연구 개발 신입 채용,성남 서현동,"분야 박사 학력 이상(졸업예정 포함) - 연구에 필요한 필수 기술 능통( Python, R, Mathlap 등 언어의 종류는 무관) [선호 경험/역량... 연구에 필요한 도구 및 언어에 능통 ( Python, R등의 언어 능력과..."
https://kr.indeed.com/viewjob?jk=71c47ac87bb4087e,기술 인턴 인공지능 응용 연구/개발 인턴,서울 관악구,"6개월) (협의) *모집 절차: 서류 à인터뷰(오프라인) *지원 자격: 프로그래밍 언어 활용 능력: Python, C, C++ 중 1가지 이상 데이터구조, 알고리즘 과목 이수 머신러닝과 딥러닝의 기본 개념 이해 머신러닝..."
https://kr.indeed.com/viewjob?jk=86094f443b7e1dfa,[네이버파이낸셜] FDS 데이터분석 담당자,서울,"기획/운영 [자격요건] - 관련 업무 5년 이상 ~ 7년 이하 - 대용량 데이터 분석 가능자 (SAS, R, Python) - 머신러닝/딥러닝의 주요 방법론을 실제로 수행해본 경험자 - Hadoop (Hive/Impala..."
https://kr.indeed.com/viewjob?jk=78e99625e5de3c95,전문연구요원 (병역특례) 수시 (AI / HW 분야),성남 분당구,"모델의 RTL IP 설계 및 IP 검증 가능자 - Language: Python/Perl, C/C++ [우대 조건] - ARM based SoC 설계... Linux, shell, tcl, python, perl 사용 원활..."
https://kr.indeed.com/viewjob?jk=afe71637aa1df086,슈어소프트테크(주) 2022년 상반기 인턴,서울 강남구,통신·모바일·게임>웹프로그래머> Python|인터넷·IT·통신·모바일·게임... 용프로그래머>자바스크립트|인터넷·IT·통신·모바일·게임>응용프로그래머> Python|인터넷·IT·통신·모바일·게임>응용프로그래머>가상현실(VR)|인터넷...
https://kr.indeed.com/viewjob?jk=4bd82c335d8a60e5,Data Analyst,서울 영등포구,"가지신 분 Business Intelligence 시스템 및 비즈니스 리포팅 툴의 활용 능력 프로그래밍 언어( Python/R, etc)를 활용하여 데이터 분석이 가능하신 분 더 나은 데이터 기반 서비스를 만들기 위해 동료들과..."
https://kr.indeed.com/viewjob?jk=f54bac6c78fd3240,코딩에 빠진 수퍼 개발자 (펌웨어 개발),성남 수정구,"학력무관직무기술: 펌웨어(Firmware), Embedded System S/W 개발(판교) c/c++, Python 3 명 근무조건 고용형태: 정규직근무부서: 개발팀급여조건: 연봉 협의 후 결정 전형단계 및 제출서류 전형단..."
https://kr.indeed.com/viewjob?jk=35fecc3e04d5571c,[SAPEON Korea] AI Accelerator Field Application Engineer,경기도,"Hardware Accelerator 기본 동작 이해- C/C++, Python 프로그램 개발 능력- 소프트웨어 설계 및 알고리즘 구현, 최적화 역량... 통신·모바일·게임>응용프로그래머> Python|인터넷·IT·통신·모바일·게임..."
https://kr.indeed.com/viewjob?jk=f21952a2d7a0bfd8,"[Robotics] Robotics Software Engineer, Navigation",서울,"요역량 ㅇ 컴퓨터 공학, 로봇 공학, 전자 공학 등 관련 기술 분야 석사 이상 학위 또는 3년 이상의 경력 ㅇ Python 혹은 C++ 언어의 능숙한 활용 ㅇ ROS/ROS2 혹은 유사한 framework를 활용한 robot..."
https://kr.indeed.com/viewjob?jk=ca42174fece4f1e7,[HDC 랩스] 2022년 상반기 경력,서울특별시,"Spring, node.js, python 프레임워크를 활용한 서버 개발... 전공 무관 ㆍ총경력 : 4년 이상~8년 이하 ㆍ Python 개발 경력 4년 이상 - Python 서버 (Backend) 개발 경력 4년 이상 - 웹..."
https://kr.indeed.com/viewjob?jk=20c4a5de16d47c5c,Sr. Corporate Application Engineer - Calibre DS,경기도 성남,"Linux OS, and previous experience with scripting or Tcl/ Python/Perl programming preferred Familiar with Siemens EDA’s Calibre..."
https://kr.indeed.com/viewjob?jk=e8004f38042e7d44,NAVER Cloud 사내 플랫폼 운영,성남 삼평동,"Network관련 기초 지식을 보유하고 계신 분 - script ( Python, Html, javascript, Linux shell 중 1개이상... WEB/WAS, DB운영 경험 - Python, JAVA 중 하나의 프로그..."
https://kr.indeed.com/viewjob?jk=7fdad7d01bfb25f9,Technical Trainer - Amazon Web Services,서울,"more... following languages, Java, .Net, Perl, PHP, Ruby, Python... R. · Experience working within the Enterprise..."
https://kr.indeed.com/viewjob?jk=872035f47cfd4850,자산운용팀 전략/리스크팀 퀀트(겨울방학 인턴),대한민국,공자의 경우 관련 과목 12학점 이상 이수 - Microsoft 엑셀 능숙자 선택 사항 (평가 가산점) - Python 또는 VBA 등 코딩 Skill 보유 - 관련 업종에서 2개월 이상 인턴쉽 또는 근무 경력 보유 - 관련...
https://kr.indeed.com/viewjob?jk=031eec3794f09645,[데이터] 데이터 서비스/플랫폼 개발,성남 판교역,"데이터 수집, 처리 및 지표 분석 경험 - 데이터 기반의 문제해결 역량 및 논리적 사고 - Java, Python, Scala 중 최소 1가지 언어를 이용한 데이터 분석 및 소프트웨어 개발 역량 - 통계분석, ML/AI..."
https://kr.indeed.com/viewjob?jk=6d86e9f32d31c84f,Data 분야 경력,서울,"해가 뛰어난 자 - R, Python, SAS, SQL 등 활용 역량 우대사항(해당 내용 중 1개 이상) - ML/DL 경험 인력 우대 - 관련 분야 석사 이상 학위 소지자 우대 - R, Python등 데이터분석 모델링 경험..."
https://kr.indeed.com/viewjob?jk=4c338f455a08d490,[대기업] 클라우드 서비스 솔루션 개발,서울,C++|인터넷·IT·통신·모바일·게임>응용프로그래머>클라우드|인터넷·IT·통신·모바일·게임>응용프로그래머> Python|인터넷·IT·통신·모바일·게임>데이터베이스·DBA>데이터베이스개발자|인터넷·IT·통신·모바일·게임>데이터베...
https://kr.indeed.com/viewjob?jk=f02b84b51cccea64,2022년 2월 R&D 석박사 신입 (BMS/System/DX),과천 과천시,"해석모델 구축 (CFD, CAE 등) • 가상 검증 기반의 전지 제조 공정 시뮬레이터 개발 (Matlab, Python 등) 1) 석사/박사 학위 소지자 또는 2022년 8월 석사/박사 학위 취득 예정자 ※석박통합과정 진행중..."
https://kr.indeed.com/viewjob?jk=b04ed26e02c30d00,P2E 게임 블록체인 백엔드 개발자 (경력),대한민국,"적용 자격요건 - 2년 이상의 백엔드 서비스 개발 경험이 있으신 분 - Java, Javascript, Python 등 하나 이상에 대한 프로그래밍 언어 경험이 있으신 분 - Spring 등 웹 프레임워크에 대한 경험..."
https://kr.indeed.com/viewjob?jk=87d4ea678a85b896,[TmaxEdu/R&D] 연구 개발자,성남 분당구,"CSS, JavaScript, TypeScript [Server 개발(사용 언어)] - Java, Python, SQL [Framework(사용 언어)] - React.js, Spring [입사 지원 시 참고 사항..."
https://kr.indeed.com/viewjob?jk=3086772415088e87,컴퓨터비전 개발자 경력 정규직,서울 성동구,바일·게임>빅데이터·AI(인공지능)>인공지능(AI)|인터넷·IT·통신·모바일·게임>빅데이터·AI(인공지능)> Python|인터넷·IT·통신·모바일·게임>소프트웨어·하드웨어>소프트웨어|인터넷·IT·통신·모바일·게임>응용프로그래머>C·C++
https://kr.indeed.com/viewjob?jk=e30fe92d72ceb17c,"자율 주행, 로봇 SW 개발자",성남 수정구,"(주)에바 모집부문 및 자격요건 모집부문 담당업무 자격요건 인원 자율주행 SW 엔지니어 Python응용SW [담당업무]ROS 개발, 로봇 주행 알고리즘 개발, SW Optimization[근무부서 및 직급/직책]근무부서: 개발팀..."
https://kr.indeed.com/viewjob?jk=050e9ec2f8975950,"Staff, Data Analyst (ROD)",서울,"Key Responsibilities: Utilize code ( Python, R, SQL etc... extracting, analyzing... package... R or Python Experience..."
https://kr.indeed.com/viewjob?jk=2642a83874ea6bab,"영상처리, 컴퓨터 비전 전문가 (신입/경력)",성남 수정구,"인원 [담당업무] Python, C++, MFC, C를 이용하여 - OpenCV 로 Visual SLAM 개발- MFC, Python을 이용하여 GUI... 통신·모바일·게임>응용프로그래머> Python|인터넷·IT·통신·모바일·게임..."
https://kr.indeed.com/viewjob?jk=45ea0602c8990180,Cloud 개발직군,서울,"빅 데이터 시스템(Hive, Map/Reduce, Hadoop, Spark, Gurobi 등) 경험 - Python, Pytorch 등 딥러닝 프레임워크 이해 및 개발 경험 우대사항 - IoT 기반 데이터 분석/인사이트..."
https://kr.indeed.com/viewjob?jk=19beeb5c7f50c5b4,데이터 사이언티스트,서울,맞게 데이터 모델 및 스키마를 꾸준히 개발 및 발전 * 이런 역량을 가지신 분을 찾습니다. - SQL / Python / R 등 데이터 분석 업무를 수행할 수 있는 하나 이상의 개발 언어를 경험하신 분 - 통계 지식에 대한...
https://kr.indeed.com/viewjob?jk=b79acb8f4c6b4c0d,Research Engineer,서울,"자격 요건) - 프로덕션 환경에서 발생하는 리얼 월드 문제들을 풀어 나가며 서비스와 함께 성장하고 싶으신 분 - Python 기반의 머신러닝 라이브러리를 활용한 개발에 익숙하신 분 (Tensorflow, Pytorch 등..."
https://kr.indeed.com/viewjob?jk=7df915e1f0f86b2d,Software Architecture 설계 엔지니어,성남 분당구,경험 - Windows/Linux 상에서 C++/ Python 언어 사용 개발 경험 - C++ / Python 언어 사용 개발 경험 - 객체지향 설계에... 게임>빅데이터·AI(인공지능)> Python|인터넷·IT·통신·모바일·게임...
https://kr.indeed.com/viewjob?jk=25d823b03a3113d5,Sr. Application Engineer - AMS,경기도 성남,"plus Proficiency in Linux shell scripting, Tcl, and Python programming is a plus Proven ability to map simulator capabilities..."
https://kr.indeed.com/viewjob?jk=70a318a782ff1cbf,"목동 컴퓨터 학원 코딩 강사 (정규직 및 계약직,경력무관)",서울 양천구,"2,3년)졸업 이상 기타: [IT·문화·직업강사] - C, C++, Python 언어 수업 가능자 [교육상담·학원에이전트 ] - CS 마인드 보유자... 문화·직업강사]- C, C++, Python 언어 수업 가능자[교육상담..."
https://kr.indeed.com/viewjob?jk=06d133676285b02e,[보안] 침해사고 대응,성남 판교역,"팩트 자동 수집 도구 개발 경험 - 아티팩트 분석 도구를 능숙하게 사용 가능하신 분 - C, Java, Python 등을 통한 업무 자동화 및 분석도구 개발 경험 - 기업 CERT 직무 수행 경험 - CVE 실무 경험..."
https://kr.indeed.com/viewjob?jk=51df90967b46e8f0,[외국계 스타트업 미소] Business Analyst,서울,통신·모바일·게임>빅데이터·AI(인공지능)>데이터분석|인터넷·IT·통신·모바일·게임>빅데이터·AI(인공지능)> Python|인터넷·IT·통신·모바일·게임>데이터베이스·DBA>MySQL|인터넷·IT·통신·모바일·게임>데이터베이스...
https://kr.indeed.com/viewjob?jk=eba169ad2f8bfa95,Sr. Application Engineer - EBS,경기도 성남,"programming language like Visual Basic, VBScript, or Python is also highly desirable Programming Skills like C language..."
https://kr.indeed.com/viewjob?jk=1297afe62c6d158f,[PPM 솔루션 클로바인] IT Tech 직군 운영관리팀,서울 강남구,"신입, 경력(연차무관)학력사항: 학력무관ㆍ이력서, 자기소개서, 개발 포트폴리오ㆍ리눅스 명령 및 shell, python에 대한 이해가 있으신분ㆍ네트워크, 서버 아키텍처에 대한 기본적인 이해가 있으신분ㆍ논리적이고 원활한 커뮤니..."
https://kr.indeed.com/viewjob?jk=d3a87d29ecd0fdac,NAVER Cloud 사내 플랫폼 운영,성남 분당구,"Network관련 기초 지식을 보유하고 계신 분 - script ( Python, Html, javascript, Linux shell 중 1개이상... 통신·모바일·게임>웹프로그래머> Python|인터넷·IT·통신·모바일·게임..."
https://kr.indeed.com/viewjob?jk=7585ef1908280606,데이터표준화 부문 경력,서울 강남구,"관리 2. 자격 요건 1) 필수 · Hadoop 데이터 플랫폼 사용 경험 · SQL, Spark(Scala, Python)등 데이터 처리 언어 1종 이상 숙련 · 대규모 트래픽 서비스, 대용량 배치처리 시스템의 Backend..."
https://kr.indeed.com/viewjob?jk=82d47e44be45bb97,Junior Structural Engineer,서울,"Structural Modeling software : Midas, Sofistik… IT language: Python (nice to have) . Job Segment: Engineer, Construction..."
https://kr.indeed.com/viewjob?jk=98a3e3328fec92db,데이터 엔지니어,서울,"end pipeline의 개발 ( Python, Airflow, k8s 활용... 데이터베이스 등 기본적인 전산 지식에 대한 이해를 갖추신 분 - Python / Java / Scala / Kotlin / Go 등의 언어로 개발..."
https://kr.indeed.com/viewjob?jk=d193999bb6d038d4,Analog Design Engineer,서울,"Modeling of solutions using tools... Python, Matlab, Simulink, and Spectre AMS... tools... Python, Matlab, Simulink..."
https://kr.indeed.com/viewjob?jk=22ffe020e40de675,[포티투마루] 인공지능(AI) 개발자 전 부문,서울 서초구,인터넷·IT·통신·모바일·게임>빅데이터·AI(인공지능)> Python|인터넷·IT·통신·모바일·게임>빅데이터·AI(인공지능)>머신러닝|인터넷·IT·통신·모바일·게임>빅데이터·AI(인공지능)>딥러닝|인터넷·IT·통신·모바일·게임...
https://kr.indeed.com/viewjob?jk=99b17cdf7773a816,Machine Learning Engineer - Korea,서울,"Fluent with one or more programming languages including Python, Java, and Golang. Knowledgeable with production-level machine..."
https://kr.indeed.com/viewjob?jk=5a5b00dc5688f84f,Mid-level Software Engineer (Point Cloud Processing),서울,experience in software development Highly skilled in C++ and Python Experience in Microservices Enthusiasm to learn new...
https://kr.indeed.com/viewjob?jk=a5c4cc2e1637728c,[정보보호기술] 클라우드 보안기술 개발자,성남 삼평동,"클라우드 관련 보안 정책 운영 및 보안 계획 수립 필수 경험과 역량 · Go-lang, Java, Python 등으로 개발된 오픈소스를 업무에 활용한 경험 및 개발 역량(일부 수정, 연동모듈 작성 등)을 보유한 분..."
https://kr.indeed.com/viewjob?jk=48c982e865d9303a,개발직군 산업기능요원 보충역 신규 특별,서울 강남구,통신·모바일·게임>빅데이터·AI(인공지능)>머신러닝|인터넷·IT·통신·모바일·게임>빅데이터·AI(인공지능)> Python|인터넷·IT·통신·모바일·게임>응용프로그래머>머신러닝(ML)|인터넷·IT·통신·모바일·게임>응용프로그래머...
https://kr.indeed.com/viewjob?jk=7b091681f7106dcd,Head of Technical Writing,서울,"following languages; Objective-C, Java, Swift, JavaScript, and Python ABOUT SENDBIRD Sendbird... world's leading chat..."
https://kr.indeed.com/viewjob?jk=e23f77ff06e23346,소프트웨어 프로그래머 경력/신입,고양 덕양구,"공학, 응용소프트웨어공학, 정보통신공학 등ㆍ보안솔루션 경험자ㆍJAVA, Java Spring Framwarok, Python 개발 경험자 ㆍ 근무형태 : 정규직ㆍ 근무일시 : 주 5일(월~금) 오전 9시~오후 6시ㆍ 근무지역..."
https://kr.indeed.com/viewjob?jk=b25a378d97c7a56c,[AI] 서비스/시스템 개발,성남 판교역,"Elasticsearch 사용 경험 - MSA 에 대한 이해 - Python, C, C++ 개발 경험 - Docker 및 Container... 이용한 로그 시스템 운영 - Python 개발 경력 3년 이상 또는 그에..."
https://kr.indeed.com/viewjob?jk=f5c40ec89231fd10,음성인식 서버 개발 및 운영 전문가,서울 종로구,"기반의 API 설계 및 개발 경험개발 역량– C/C++, Java, Python, shell script 등 리눅스 환경 실무 개발 가능– 병렬화 및... 통신·모바일·게임>응용프로그래머> Python|인터넷·IT·통신·모바일·게임..."
https://kr.indeed.com/viewjob?jk=2165954253e0cd92,채용전제형 인턴십 모집,서울 여의도역,"금융투자분석사, CFA Level 1 이상 등 관련 자격 보유자 • 엑셀 VBA 프로그래밍, SQL Python, R 등 활용가능자 • 통계학, 머신러닝, AI 관련 지식 보유자 리테일 영업지원 (기획, 지원..."
https://kr.indeed.com/viewjob?jk=79fb95da6dff4025,하반기 신입(채용 연계형 인턴) 수시채용,서울 마곡동,"Python, R, 기타 코딩 능력 보유자 또는 통계 분석에 대한 기초 지식 보유자 중 1개 해당자 우대사항 · 통계 분석에 대한 기초 지식 보유자 · 기초 프로그래밍 코딩 구현 능력 보유자 ( Python or R..."
https://kr.indeed.com/viewjob?jk=4d6fa0f1b9726d7c,디지털 미디어 매니저(퍼포먼스&브랜딩) 신입/경력,서울 서초구,[우대 요건] 1) 마케팅 전공자 2) 영어 커뮤니케이션 가능자 3) Python을 통한 프로그래밍 가능자 4) 구글 및 페이스북 셀프서브 가능자 5) GA 및 써드파티 트래커 활용 가능자 마케팅·광고·홍보·조사>마케팅>온라인마케팅
https://kr.indeed.com/viewjob?jk=ef98c82fd130b9e1,[AI] 연구 개발,성남 판교역,"관련 배경지식 보유자 - Python, C, C++ 개발 경험... 개발 경력 2년 이상 - 머신러닝 프로젝트 또는 백그라운드 보유 - Python, C, C++ 개발 경험 - Pytorch, Tensorflow..."
https://kr.indeed.com/viewjob?jk=d9648e0fb9a4fd79,Digital Healthcare(신약개발 R&D 웹 플랫폼 개발) 경력 구성원 영입,성남 분당구,VM)|인터넷·IT·통신·모바일·게임>웹프로그래머>백엔드|인터넷·IT·통신·모바일·게임>웹프로그래머>프론트엔드|인터넷·IT·통신·모바일·게임>응용프로그래머>자바스크립트|인터넷·IT·통신·모바일·게임>응용프로그래머> Python
https://kr.indeed.com/viewjob?jk=d83fc0dd2641f483,전문연구요원 (병역특례) 수시 (AI / SW 분야),성남 분당구,요구 능력] - ASM/C/C++/ Python 언어 코딩 기술 - 운영체제... 경험 - Windows/Linux 상에서 C++/ Python 언어 사용 개발 경험 - C++ / Python 언어 사용 개발 경험 - 객체지향 설계에...
https://kr.indeed.com/viewjob?jk=eb7a0fa9a4c7e14f,Data Engineer,서울 영등포구,"S3, AWS Glue, Spark, Airflow 기반의 Data Lake 플랫폼 운영 자격 요건 Python 또는 JVM 기반 언어(Java, Scala) 중 하나 이상을 능숙히 사용 자료 구조, 알고리즘, 데이터베이스..."
https://kr.indeed.com/viewjob?jk=9193b9de45a0ac1c,Embedded Software Engineer - Connected,경기도 성남,"skills with C, C++ and other script languages (i.e. python etc..) Strong knowledge... IOT devices communication protocols..."
